Workbook
Name КВ_ЛС: КВИТАНЦИЯ!$C$14
Name КВ_КВАРТИРА: КВИТАНЦИЯ!$E$14
Name КВ_ДАТА: КВИТАНЦИЯ!$G$14
Name КВ_ФИО: КВИТАНЦИЯ!$C$15
Name КВ_АДРЕС: КВИТАНЦИЯ!$C$16
Name КВ_ПЛОЩАДЬ: КВИТАНЦИЯ!$C$17
Name КВ_ТАРИФ: КВИТАНЦИЯ!$E$17
Name КВ_ПЕРИОД: КВИТАНЦИЯ!$G$17
Name КВ_НАЧИСЛЕНО: КВИТАНЦИЯ!$H$21
Name КВ_ДОЛГ: КВИТАНЦИЯ!$H$22
Name КВ_ПЕРЕРАСЧЕТ: КВИТАНЦИЯ!$H$23
Name КВ_ИТОГО: КВИТАНЦИЯ!$H$24
Name КВ_ОПЛАЧЕНО: КВИТАНЦИЯ!$G$27
Name КВ_НАКОПЛЕНО: КВИТАНЦИЯ!$G$28
Name КВ_ОСТАТОК: КВИТАНЦИЯ!$G$29
Name КВ_QR_МЕСТО: КВИТАНЦИЯ!$G$32
Name КВ_QR: НАСТРОЙКИ!$B$20
Name КВ_СХЕМА: НАСТРОЙКИ!$B$17
Name ДАННЫЕ_ТАБЛИЦА: ДАННЫЕ!$A$1:$Q$5000

Sheet КВИТАНЦИЯ
B2: ПЛАТЁЖНЫЙ ДОКУМЕНТ (КВИТАНЦИЯ) на внесение взноса на капитальный ремонт общего имущества в многоквартирном доме
B3: ="Специальный счёт МКД · "&НАСТРОЙКИ!$B$12 | F3: ="Расчётный период: "&IF(IFERROR(INDEX(ДАННЫЕ!$N:$N,MATCH(КВ_ЛС,ДАННЫЕ!$A:$A,0)),"")="",НАСТРОЙКИ!$B$14,INDEX(ДАННЫЕ!$N:$N,MATCH(КВ_ЛС,ДАННЫЕ!$A:$A,0)))
B5: 1. ПОЛУЧАТЕЛЬ ПЛАТЕЖА — ВЛАДЕЛЕЦ СПЕЦИАЛЬНОГО СЧЁТА
B6: Получатель платежа | C6: =НАСТРОЙКИ!$B$2
B7: Юридический адрес | C7: =НАСТРОЙКИ!$B$3
B8: ИНН / КПП | C8: =НАСТРОЙКИ!$B$4&" / "&НАСТРОЙКИ!$B$5 | E8: ОГРН | F8: =НАСТРОЙКИ!$B$6
B9: Расчётный счёт | C9: =НАСТРОЙКИ!$B$7&" (специальный счёт МКД: "&НАСТРОЙКИ!$B$12&")"
B10: Банк | C10: =НАСТРОЙКИ!$B$8
B11: Корр. счёт / БИК | C11: =НАСТРОЙКИ!$B$9&" / "&НАСТРОЙКИ!$B$10 | E11: ИНН/КПП банка | F11: =НАСТРОЙКИ!$B$11
B13: 2. ПЛАТЕЛЬЩИК И ПОМЕЩЕНИЕ
B14: Лицевой счёт | C14: 31202 | D14: Квартира № | E14: =IFERROR(INDEX(ДАННЫЕ!$B:$B,MATCH(КВ_ЛС,ДАННЫЕ!$A:$A,0)),"") | F14: Дата формирования | G14: =TODAY()
B15: Плательщик | C15: =IFERROR(INDEX(ДАННЫЕ!$C:$C,MATCH(КВ_ЛС,ДАННЫЕ!$A:$A,0)),"")
B16: Адрес помещения | C16: =IFERROR(INDEX(ДАННЫЕ!$D:$D,MATCH(КВ_ЛС,ДАННЫЕ!$A:$A,0)),"")
B17: Площадь помещения, м² | C17: =IFERROR(INDEX(ДАННЫЕ!$E:$E,MATCH(КВ_ЛС,ДАННЫЕ!$A:$A,0)),0) | D17: Размер взноса, руб./м² | E17: =IF(IFERROR(INDEX(ДАННЫЕ!$F:$F,MATCH(КВ_ЛС,ДАННЫЕ!$A:$A,0)),"")="",IFERROR(ROUND(INDEX(ДАННЫЕ!$G:$G,MATCH(КВ_ЛС,ДАННЫЕ!$A:$A,0))/INDEX(ДАННЫЕ!$E:$E,MATCH(КВ_ЛС,ДАННЫЕ!$A:$A,0)),2),"—"),INDEX(ДАННЫЕ!$F:$F,MATCH(КВ_ЛС,ДАННЫЕ!$A:$A,0))) | F17: Период оплаты | G17: =IF(IFERROR(INDEX(ДАННЫЕ!$N:$N,MATCH(КВ_ЛС,ДАННЫЕ!$A:$A,0)),"")="",НАСТРОЙКИ!$B$14,INDEX(ДАННЫЕ!$N:$N,MATCH(КВ_ЛС,ДАННЫЕ!$A:$A,0)))
B19: 3. РАСЧЁТ РАЗМЕРА ВЗНОСА И СУММЫ К ОПЛАТЕ
B20: Вид платежа | F20: Расчётный период | H20: Сумма, руб.
B21: Начислено за расчётный период (площадь × размер взноса) | F21: =IF(IFERROR(INDEX(ДАННЫЕ!$N:$N,MATCH(КВ_ЛС,ДАННЫЕ!$A:$A,0)),"")="",НАСТРОЙКИ!$B$14,INDEX(ДАННЫЕ!$N:$N,MATCH(КВ_ЛС,ДАННЫЕ!$A:$A,0))) | H21: =IFERROR(INDEX(ДАННЫЕ!$G:$G,MATCH(КВ_ЛС,ДАННЫЕ!$A:$A,0)),0)
B22: Задолженность за предыдущие периоды | F22: ="на "&TEXT(DAY(IF(IFERROR(INDEX(ДАННЫЕ!$O:$O,MATCH(КВ_ЛС,ДАННЫЕ!$A:$A,0)),"")="",НАСТРОЙКИ!$B$15,INDEX(ДАННЫЕ!$O:$O,MATCH(КВ_ЛС,ДАННЫЕ!$A:$A,0)))),"00")&"."&TEXT(MONTH(IF(IFERROR(INDEX(ДАННЫЕ!$O:$O,MATCH(КВ_ЛС,ДАННЫЕ!$A:$A,0)),"")="",НАСТРОЙКИ!$B$15,INDEX(ДАННЫЕ!$O:$O,MATCH(КВ_ЛС,ДАННЫЕ!$A:$A,0)))),"00")&"."&YEAR(IF(IFERROR(INDEX(ДАННЫЕ!$O:$O,MATCH(КВ_ЛС,ДАННЫЕ!$A:$A,0)),"")="",НАСТРОЙКИ!$B$15,INDEX(ДАННЫЕ!$O:$O,MATCH(КВ_ЛС,ДАННЫЕ!$A:$A,0)))) | H22: =IFERROR(INDEX(ДАННЫЕ!$H:$H,MATCH(КВ_ЛС,ДАННЫЕ!$A:$A,0)),0)
B23: Перерасчёты / переплата (уменьшают сумму к оплате) | H23: =IFERROR(INDEX(ДАННЫЕ!$I:$I,MATCH(КВ_ЛС,ДАННЫЕ!$A:$A,0)),0)
B24: ИТОГО К ОПЛАТЕ | H24: =IF(IFERROR(INDEX(ДАННЫЕ!$J:$J,MATCH(КВ_ЛС,ДАННЫЕ!$A:$A,0)),"")="",ROUND(H21+H22+H23,2),INDEX(ДАННЫЕ!$J:$J,MATCH(КВ_ЛС,ДАННЫЕ!$A:$A,0)))
B26: 4. СПРАВОЧНАЯ ИНФОРМАЦИЯ ПО СПЕЦИАЛЬНОМУ СЧЁТУ (ч. 7 ст. 177 ЖК РФ)
B27: ="Поступило оплат по лицевому счёту с начала "&YEAR(IF(IFERROR(INDEX(ДАННЫЕ!$O:$O,MATCH(КВ_ЛС,ДАННЫЕ!$A:$A,0)),"")="",НАСТРОЙКИ!$B$15,INDEX(ДАННЫЕ!$O:$O,MATCH(КВ_ЛС,ДАННЫЕ!$A:$A,0))))&" года, руб." | G27: =IFERROR(INDEX(ДАННЫЕ!$K:$K,MATCH(КВ_ЛС,ДАННЫЕ!$A:$A,0)),0)
B28: Размер фонда капитального ремонта, накопленного по лицевому счёту, руб. | G28: =IF(IFERROR(INDEX(ДАННЫЕ!$M:$M,MATCH(КВ_ЛС,ДАННЫЕ!$A:$A,0)),"")="","—",INDEX(ДАННЫЕ!$M:$M,MATCH(КВ_ЛС,ДАННЫЕ!$A:$A,0)))
B29: Остаток средств на специальном счёте многоквартирного дома, руб. | G29: =IF(IFERROR(INDEX(ДАННЫЕ!$L:$L,MATCH(КВ_ЛС,ДАННЫЕ!$A:$A,0)),"")="","—",INDEX(ДАННЫЕ!$L:$L,MATCH(КВ_ЛС,ДАННЫЕ!$A:$A,0)))
B31: 5. ПОРЯДОК ОПЛАТЫ
B32: 1) без комиссии — в отделениях АО «Россельхозбанк» (банк, в котором открыт специальный счёт дома);
B33: 2) по тарифам банка — только по номеру расчётного счёта, указанного в разделе 1, в отделениях и мобильных приложениях ПАО Сбербанк, АО «АЛЬФА-БАНК», Банка ВТБ (ПАО), АО «ТБанк», а также любого другого банка;
B35: Назначение платежа:
B36: ="Взнос на капитальный ремонт, л/с № "&КВ_ЛС&", кв. № "&IFERROR(INDEX(ДАННЫЕ!$B:$B,MATCH(КВ_ЛС,ДАННЫЕ!$A:$A,0)),"")&", за "&IF(IFERROR(INDEX(ДАННЫЕ!$N:$N,MATCH(КВ_ЛС,ДАННЫЕ!$A:$A,0)),"")="",НАСТРОЙКИ!$B$14,INDEX(ДАННЫЕ!$N:$N,MATCH(КВ_ЛС,ДАННЫЕ!$A:$A,0)))&"."
B37: ="Срок оплаты: до "&TEXT(DAY(IF(IFERROR(INDEX(ДАННЫЕ!$P:$P,MATCH(КВ_ЛС,ДАННЫЕ!$A:$A,0)),"")="",НАСТРОЙКИ!$B$16,INDEX(ДАННЫЕ!$P:$P,MATCH(КВ_ЛС,ДАННЫЕ!$A:$A,0)))),"00")&"."&TEXT(MONTH(IF(IFERROR(INDEX(ДАННЫЕ!$P:$P,MATCH(КВ_ЛС,ДАННЫЕ!$A:$A,0)),"")="",НАСТРОЙКИ!$B$16,INDEX(ДАННЫЕ!$P:$P,MATCH(КВ_ЛС,ДАННЫЕ!$A:$A,0)))),"00")&"."&YEAR(IF(IFERROR(INDEX(ДАННЫЕ!$P:$P,MATCH(КВ_ЛС,ДАННЫЕ!$A:$A,0)),"")="",НАСТРОЙКИ!$B$16,INDEX(ДАННЫЕ!$P:$P,MATCH(КВ_ЛС,ДАННЫЕ!$A:$A,0))))&" г."
B39: ="ВНИМАНИЕ! ПЛАТИТЕ ТОЛЬКО ПО НОМЕРУ РАСЧЁТНОГО СЧЁТА "&НАСТРОЙКИ!$B$7&" — ЭТО СПЕЦИАЛЬНЫЙ СЧЁТ ВАШЕГО ДОМА"
B40: ="В отделении банка и в мобильном приложении выбирайте оплату по реквизитам — вкладку «Специальный счёт». Не платите через поиск «Капитальный ремонт»: такой платёж уходит на общий счёт Регионального фонда капитального ремонта и на счёт вашего дома не поступает."&CHAR(10)&"Лицевой счёт № "&КВ_ЛС&" при оплате НЕ вводится — он указан справочно, только для учёта начислений."
B42: Подпись плательщика ______________________ | E42: Кассир ______________ | G42: Дата ____________
B43: ="По вопросам начислений обращайтесь к председателю совета дома, тел. "&НАСТРОЙКИ!$B$13&". Документ № "&IF(IFERROR(INDEX(ДАННЫЕ!$Q:$Q,MATCH(КВ_ЛС,ДАННЫЕ!$A:$A,0)),"")="","—",INDEX(ДАННЫЕ!$Q:$Q,MATCH(КВ_ЛС,ДАННЫЕ!$A:$A,0)))

Sheet НАСТРОЙКИ
A1: Параметр | B1: Значение | C1: Примечание
A2: Получатель платежа | B2: РЕГИОНАЛЬНЫЙ ФОНД КАПИТАЛЬНОГО РЕМОНТА МНОГОКВАРТИРНЫХ ДОМОВ ОМСКОЙ ОБЛАСТИ (СПЕЦ. СЧЕТ) | C2: Владелец специального счёта МКД
A3: Юридический адрес | B3: 644099, г. Омск, ул. Краснофлотская, 24 | C3: Из образца
A4: ИНН | B4: 5503239348 | C4: Из образца
A5: КПП | B5: 550301001 | C5: Из образца
A6: ОГРН | B6: 1027700342890 | C6: Из образца
A7: Расчётный счёт (спец. счёт МКД) | B7: 40604810809000000154 | C7: Специальный счёт дома по ул. Магистральная, 2
A8: Банк | B8: Омский РФ АО «Россельхозбанк» | C8: Из образца
A9: Корреспондентский счёт | B9: 30101810900000000822 | C9: Из образца
A10: БИК | B10: 045209822 | C10: Из образца
A11: ИНН/КПП банка | B11: 7725114488 / 550502001 | C11: Из образца
A12: Адрес МКД | B12: г. Омск, ул. Магистральная, 2 | C12: Из образца
... A14: Расчётный период (текст) | B14: Июль 2026 | C14: Подставляется в заголовок и в назначение платежа
A15: Дата начала периода | B15: 46204 | C15: Первое число расчётного месяца
A16: Срок оплаты | B16: 46244 | C16: До какого числа вносится взнос
A17: Текущая цветовая схема | B17: ЧБ | C17: ЧБ — для печати на А4; ЦВЕТ — для выгрузки в PDF. Переключается макросом
A20: Строка QR (ГОСТ Р 56042-2014) | B20: ="ST00012|Name="&НАСТРОЙКИ!$B$2&"|PersonalAcc="&НАСТРОЙКИ!$B$7&"|BankName="&НАСТРОЙКИ!$B$8&"|BIC="&НАСТРОЙКИ!$B$10&"|CorrespAcc="&НАСТРОЙКИ!$B$9&"|PayeeINN="&НАСТРОЙКИ!$B$4&"|KPP="&НАСТРОЙКИ!$B$5&"|Sum="&TEXT(ROUND(КВ_ИТОГО*100,0),"0")&"|Purpose=Взнос на капитальный ремонт за "&НАСТРОЙКИ!$B$14&", л/с "&КВ_ЛС&"|PersAcc="&КВ_ЛС&"|PayerAddress="&КВ_АДРЕС | C20: Сумма — в копейках, как требует стандарт. Значение читается макросом (функция СтрокаQR) и передаётся в генератор QR-кода.

Sheet ДАННЫЕ
A1: Лицевой счёт | B1: Квартира | C1: ФИО собственника | D1: Адрес помещения | E1: Площадь, м² | F1: Размер взноса, руб./м² | G1: Начислено за период, руб. | H1: Задолженность на начало периода, руб. | I1: Перерасчёт / переплата, руб. | J1: ИТОГО к оплате, руб. | K1: Оплачено с начала года, руб. | L1: Остаток на спец. счёте МКД, руб. | M1: Накоплено по лицевому счёту, руб. | N1: Расчётный период (текст) | O1: Дата начала периода | P1: Срок оплаты | Q1: № квитанции
A2: 31202 | B2: 49 | C2: Иванов Иван Иванович | D2: г. Омск, ул. Магистральная, 2, кв. 49 | E2: 63.1 | G2: 674.99 | H2: 19501.38 | I2: 0 | J2: 20176.37 | K2: 13441.28 | N2: Июль 2026 | O2: 46204 | P2: 46244 | Q2: КР-2026-07-31202
A4: Строка 2 — пример из образца. Ниже макрос разноски дописывает по одной строке на лицевой счёт за расчётный период. Ключ поиска — столбец A (лицевой счёт): по нему лист КВИТАНЦИЯ подтягивает все значения формулами ИНДЕКС/ПОИСКПОЗ. Столбцы F, J, L, M можно оставить пустыми — бланк рассчитает их сам либо поставит прочерк.

Sheet СХЕМА
A1: Роль | B1: Диапазоны (через запятую) | C1: ЧБ: заливка | D1: ЧБ: шрифт | E1: ЦВЕТ: заливка | F1: ЦВЕТ: шрифт
A2: title | B2: B2:H2 | C2: 000000 | D2: FFFFFF | E2: 0F6B70 | F2: FFFFFF
A3: subtitle | B3: B3:E3,F3:H3 | C3: FFFFFF | D3: 000000 | E3: DDEFF0 | F3: 0F6B70
A4: section | B4: B5:H5,B13:H13,B19:H19,B26:H26,B31:H31 | C4: D9D9D9 | D4: 000000 | E4: 0F6B70 | F4: FFFFFF
A5: thead | B5: B20:E20,F20:G20,H20 | C5: BFBFBF | D5: 000000 | E5: 263238 | F5: FFFFFF
A6: label | B6: B6,B7,B8,E8,B9,B10,B11,E11,B14,D14,F14,B15,B16,B17,D17,F17,B35:F35 | C6: F2F2F2 | D6: 000000 | E6: F3F5F5 | F6: 263238
A7: value | B7: C6:H6,C7:H7,C8:D8,F8:H8,C9:H9,C10:H10,C11:D11,F11:H11,E14,G14:H14,C15:H15,C16:H16,C17,E17,G17:H17,B21:E21,F21:G21,H21,B22:E22,F22:G22,H22,B23:E23,F23:G23,H23,B27:F27,G27:H27,B28:F28,G28:H28,B29:F29,G29:H29,B32:F32,B33:F33,B34:F34,B36:F36,B43:H43 | C7: FFFFFF | D7: 000000 | E7: FFFFFF | F7: 263238
A8: input | B8: C14 | C8: FFFFFF | D8: 000000 | E8: E8F3F3 | F8: 0F6B70
A9: total | B9: B24:G24,B39:H39 | C9: 000000 | D9: FFFFFF | E9: 0F6B70 | F9: FFFFFF
A10: totalsum | B10: H24 | C10: FFFFFF | D10: 000000 | E10: E8F3F3 | F10: 0F6B70
A11: note | B11: B37:F37,B40:H40 | C11: F2F2F2 | D11: 000000 | E11: E8F3F3 | F11: 263238
A12: qr | B12: G32:H37 | C12: FFFFFF | D12: 000000 | E12: F3F5F5 | F12: 0F6B70
A13: plain | B13: B42:D42,E42:F42,G42:H42 | C13: FFFFFF | D13: 000000 | E13: FFFFFF | F13: 263238
A15: Служебная таблица. Макрос ПрименитьСхему читает её и перекрашивает лист КВИТАНЦИЯ. Цвета задаются шестью шестнадцатеричными знаками RRGGBB — правьте прямо здесь, код менять не нужно.

Sheet ИНСТРУКЦИЯ
A1: КАК ВСТРОИТЬ ЭТОТ БЛАНК В СУЩЕСТВУЮЩУЮ ТАБЛИЦУ РАЗНОСКИ
A3: 1. Перенос листов
A4: Скопируйте в свою книгу (правый клик по ярлыку листа → Переместить/скопировать) листы КВИТАНЦИЯ, ДАННЫЕ, НАСТРОЙКИ и СХЕМА. Лист СХЕМА скрыт: чтобы увидеть его, нажмите правой кнопкой на любом ярлыке → Показать.
A5: Именованные диапазоны (КВ_ЛС, КВ_НАЧИСЛЕНО, КВ_ДОЛГ, КВ_ИТОГО и др.) переносятся вместе с листами. Проверьте их в Формулы → Диспетчер имён.
A6: Импортируйте модуль vba/modКвитанция.bas: Alt+F11 → File → Import File. Книгу сохраните как .xlsm.
A8: 2. Подключение разноски
A9: Лист ДАННЫЕ — единственная точка стыковки. Ваш макрос разноски кладёт в него по одной строке на лицевой счёт за расчётный период. Ключ поиска — столбец A (лицевой счёт).
A10: Если разноска уже лежит на другом листе, не копируйте её: пропишите в столбцах листа ДАННЫЕ обычные формулы-ссылки на этот лист (ВПР или ИНДЕКС+ПОИСКПОЗ). Бланк разницы не заметит.
A12: 3. Автоподстановка сумм
A13: Достаточно записать лицевой счёт в ячейку КВИТАНЦИЯ!C14 (имя КВ_ЛС) — ФИО, адрес, площадь, начислено, долг и итог подтянутся формулами.
A14: Если суммы удобнее подавать напрямую из макроса, вызывайте процедуру ПодставитьСуммы: она пишет значения в лист ДАННЫЕ, а формулы бланка пересчитываются сами.
A15: ИТОГО К ОПЛАТЕ берётся из столбца J листа ДАННЫЕ. Если столбец пуст, бланк считает итог сам: начислено + долг + перерасчёт. Пени в этом доме не начисляются, поэтому строки под них в бланке нет.
... A30: • Реквизиты специального счёта на листе НАСТРОЙКИ — они перенесены из вашего образца без изменений.
